{
    "$schema": "https://schema.management.azure.com/schemas/0.1.2-preview/CreateUIDefinition.MultiVm.json#",
    "handler": "Microsoft.Azure.CreateUIDef",
    "version": "0.1.2-preview",
    "parameters": {
        "basics": [],
        "steps": [
            {
                "name": "deploymentDetails",
                "label": "Deployment Details",
                "subLabel": {
                    "preValidation": "Required",
                    "postValidation": "Done"
                },
                "bladeTitle": "Deployment Details",
                "elements": [
                    {
                        "name": "virtualMachine",
                        "type": "Microsoft.Common.TextBox",
                        "label": "Virtual Machine name",
                        "toolTip": "The name of the Virtual Machine.",
                        "defaultValue": "splunk-lm",
                        "constraints": {
                            "required": true,
                            "regex": "^[a-z0-9A-Z-]{3,79}$",
                            "validationMessage": "The VM Name must be between 3 and 79 characters long and contain letters, numbers and hyphens only."
                        }
                    },
                    {
                        "name": "linuxUsername",
                        "type": "Microsoft.Compute.UserNameTextBox",
                        "label": "Linux Username",
                        "toolTip": "Linux admin username for the Virtual Machine",
                        "osPlatform": "Linux",
                        "constraints": {
                            "required": true
                        },
                        "visible": true
                    },
                    {
                        "name": "authenticationType",
                        "type": "Microsoft.Compute.CredentialsCombo",
                        "label": {
                            "authenticationType": "Authentication type",
                            "password": "Linux password",
                            "confirmPassword": "Confirm Linux password",
                            "sshPublicKey": "SSH public key"
                        },
                        "toolTip": {
                            "authenticationType": "Authentication Type for the Virtual Machine",
                            "password": "Password for the Virtual Machine",
                            "sshPublicKey": "SSH Public Key for the Virtual Machine"
                        },
                        "constraints": {
                            "required": true
                        },
                        "options": {
                            "hideConfirmation": false
                        },
                        "osPlatform": "Linux",
                        "visible": true
                    },
                    {
                        "name": "virtualNetwork",
                        "type": "Microsoft.Network.VirtualNetworkCombo",
                        "label": {
                            "virtualNetwork": "Virtual network",
                            "subnets": "Subnets"
                        },
                        "toolTip": {
                            "virtualNetwork": "Name of the virtual network",
                            "subnets": "Subnets for the virtual network"
                        },
                        "defaultValue": {
                            "name": "splunk-lm-vnet",
                            "addressPrefixSize": "/16"
                        },
                        "constraints": {
                            "minAddressPrefixSize": "/16"
                        },
                        "subnets": {
                            "subnet1": {
                                "label": "Subnet",
                                "defaultValue": {
                                    "name": "Subnet-1",
                                    "addressPrefixSize": "/24"
                                },
                                "constraints": {
                                    "minAddressPrefixSize": "/24",
                                    "minAddressCount": 8,
                                    "requireContiguousAddresses": true
                                }
                            }
                        }
                    },
                    {
                        "name": "vmSize",
                        "type": "Microsoft.Compute.SizeSelector",
                        "label": "Virtual machine size",
                        "toolTip": "The size of virtual machine to provision.",
                        "recommendedSizes": [
                            "Standard_D2s_v3"
                        ],
                        "osPlatform": "Linux",
                        "count": "1"
                    }
                ]
            },
            {
                "name": "SplunkConfig",
                "label": "Splunk Configuration",
                "subLabel": {
                    "preValidation": "Configure Splunk settings",
                    "postValidation": "Done"
                },
                "bladeTitle": "Splunk Configuration",
                "elements": [
                    {
                        "name": "splunkUser",
                        "type": "Microsoft.Common.TextBox",
                        "label": "Splunk Admin Username",
                        "defaultValue": "admin",
                        "toolTip": "Splunk user name to use during Splunk install",
                        "constraints": {
                            "required": true,
                            "regex": "^[a-z0-9A-Z-]{3,}$",
                            "validationMessage": "The Splunk Admin Username must be at least 3 characters long and contain letters, numbers and hyphens only."
                        },
                        "visible": true
                    },
                    {
                        "name": "splunkPassword",
                        "type": "Microsoft.Compute.CredentialsCombo",
                        "label": {
                            "password": "Splunk Admin Password",
                            "confirmPassword": "Confirm Splunk Admin Password"
                        },
                        "toolTip": {
                            "password": "Splunk Admin Password"
                        },
                        "constraints": {
                            "required": true
                        },
                        "options": {
                            "hideConfirmation": false
                        },
                        "visible": true,
                        "osPlatform": "Windows"
                    }
                ]
            },
            {
                "name": "identityDetails",
                "label": "Managed Identity Details",
                "subLabel": {
                  "preValidation": "Required",
                  "postValidation": "Done"
                },
                "bladeTitle": "Managed Identity Details",
                "elements": [
                  {
                    "name": "identity",
                    "type": "Microsoft.ManagedIdentity.IdentitySelector",
                    "label": "Managed Identity Configuration",
                    "toolTip": {
                      "systemAssignedIdentity": "Enable system assigned identity to grant the resource access to other existing resources.",
                      "userAssignedIdentity": "Add user assigned identities to grant the resource access to other existing resources."
                    },
                    "defaultValue": {
                      "systemAssignedIdentity": "Off"
                    },
                    "options": {
                      "hideSystemAssignedIdentity": false,
                      "hideUserAssignedIdentity": false
                    },
                    "visible": true
                  }
                ]
            }
        ],
        "outputs": {

            "location": "[location()]",
            "vmName": "[steps('deploymentDetails').virtualMachine.vmName]",
            "linuxUsername": "[steps('deploymentDetails').linuxUsername]",
            "authenticationType": "[steps('deploymentDetails').authenticationType]",
            "linuxPasswordOrKey": "[coalesce(steps('deploymentDetails').authenticationType.password, steps('deploymentDetails').authenticationType.sshPublicKey)]",
            "managedIdentity": "[steps('identityDetails').identity]",
            "vmSize": "[steps('deploymentDetails').vmSize]",
            "virtualNetworkNewOrExisting": "[steps('deploymentDetails').virtualNetwork.newOrExisting]",
            "virtualNetworkName": "[steps('deploymentDetails').virtualNetwork.name]",
            "virtualNetworkAddressPrefix": "[steps('deploymentDetails').virtualNetwork.addressPrefixes]",
            "subnetName": "[steps('deploymentDetails').virtualNetwork.subnets.subnet1.name]",
            "subnetPrefix": "[steps('deploymentDetails').virtualNetwork.subnets.subnet1.addressPrefix]",
            "virtualNetworkResourceGroup": "[steps('deploymentDetails').virtualNetwork.resourceGroup]",

            "splunkUser": "[steps('SplunkConfig').splunkUser]",
            "splunkPassword": "[steps('SplunkConfig').splunkPassword.password]"
        }
    }
}
