{
    "$schema": "https://schema.management.azure.com/schemas/2019-04-01/deploymentTemplate.json#",
    "contentVersion": "1.0.0.0",
    "parameters": {
      "location": {
        "defaultValue": "[resourceGroup().location]",
        "type": "string",
        "metadata": {
          "description": "Azure region for deployed Splunk resources"
        }
      },
      "linuxUserName": {
        "type": "string",
        "defaultValue": "splunkadmin",
        "metadata": {
          "description": "Linux admin username for the Virtual Machine"
        }
      },
      "authenticationType": {
        "type": "string",
        "defaultValue": "sshPublicKey",
        "allowedValues": [
          "sshPublicKey",
          "password"
        ],
        "metadata": {
          "description": "Type of authentication to use on the Virtual Machine. SSH key is recommended."
        }
      },
      "linuxPasswordOrKey": {
        "type": "securestring",
        "metadata": {
          "description": "SSH Key or password for the Virtual Machine. SSH key is recommended."
        }
      },
      "vmName": {
        "type": "string",
        "defaultValue": "splunk-lm-vm",
        "metadata": {
          "description": "Name for the Virtual Machine."
        }
      },
      "vmSize": {
        "type": "string",
        "defaultValue": "Standard_D2s_v3",
        "metadata": {
          "description": "Size for the Virtual Machine."
        }
      },
      "virtualNetworkNewOrExisting": {
        "type": "string",
        "metadata": {
          "description": "Determines whether or not a new virtual network should be provisioned."
        }
      },
      "virtualNetworkName": {
        "type": "string",
        "metadata": {
          "description": "Name of the virtual network"
        }
      },
      "virtualNetworkAddressPrefix": {
        "type": "string",
        "metadata": {
          "description": "VNet address prefix"
        }
      },
      "virtualNetworkResourceGroup": {
        "type": "string",
        "metadata": {
          "description": "Name of the resource group for the existing virtual network"
        }
      },
      "subnetName": {
        "type": "string",
        "metadata": {
          "description": "New or Existing subnet Name"
        }
      },
      "subnetPrefix": {
        "type": "string",
        "metadata": {
          "description": "Subnet prefix of the virtual network"
        }
      },
      "splunkUser": {
        "type": "string",
        "defaultValue": "admin",
        "metadata": {
          "description": "Splunk user name to use during Splunk install"
        }
      },
      "splunkPassword": {
        "type": "securestring",
        "metadata": {
          "description": "Splunk password to use during Splunk install"
        }
      },
      "_artifactsLocation": {
            "type": "string",
            "defaultValue": "[deployment().properties.templateLink.uri]",
            "metadata": {
                "description": "The base URI where artifacts required by this template are located including a trailing '/'"
            }
      },
      "_artifactsLocationSasToken": {
            "type": "securestring",
            "defaultValue": "",
            "metadata": {
                "description": "The sasToken required to access _artifactsLocation.  When the template is deployed using the accompanying scripts, a sasToken will be automatically generated.  Use the defaultValue if the staging location is not secured."
            }
        }
    },
    "variables": {
      "storageAccountName": "[concat(uniquestring(resourceGroup().id), 'sasplunklmvm')]",
      "publicIPAddressName": "[concat(uniqueString(resourceGroup().id),'IP')]",
      "scenarioPrefix": "splunk-lm-",
      "imagePublisher": "splunk",
      "imageOffer": "splunk-vm",
      "imageSku": "splunk-on-ubuntu-20-04",
      "imageVersion": "9.0.5",
      "nsgName": "[concat(variables('scenarioPrefix'),'nsg')]",
      "nicName": "[concat(variables('scenarioPrefix'),'nic')]",
      "linuxConfiguration": {
        "disablePasswordAuthentication": true,
        "ssh": {
          "publicKeys": [
            {
              "path": "[concat('/home/', parameters('linuxUserName'), '/.ssh/authorized_keys')]",
              "keyData": "[parameters('linuxPasswordOrKey')]"
            }
          ]
        }
      },
      "vnetId": {
        "new": "[resourceId('Microsoft.Network/virtualNetworks',parameters('virtualNetworkName'))]",
        "existing": "[resourceId(parameters('virtualNetworkResourceGroup'),'Microsoft.Network/virtualNetworks',parameters('virtualNetworkName'))]"
      },
      "subnetId": "[concat(variables('vnetId')[parameters('virtualNetworkNewOrExisting')],'/subnets/',parameters('subnetName'))]",
      "publicIPAddressType": "Dynamic"
    },
    "resources": [
      {
        "type": "Microsoft.Network/networkSecurityGroups",
        "apiVersion": "2022-05-01",
        "name": "[variables('nsgName')]",
        "location": "[parameters('location')]",
        "properties": {
          "securityRules": [
            {
              "name": "Port_8000",
              "properties": {
                "description": "Access to Splunk Web",
                "protocol": "Tcp",
                "sourcePortRange": "*",
                "destinationPortRange": "8000",
                "sourceAddressPrefix": "*",
                "destinationAddressPrefix": "*",
                "access": "Allow",
                "priority": 100,
                "direction": "Inbound"
              }
            },
            {
              "name": "Port_8089",
              "properties": {
                "description": "Access to Splunk management port",
                "protocol": "Tcp",
                "sourcePortRange": "*",
                "destinationPortRange": "8089",
                "sourceAddressPrefix": "*",
                "destinationAddressPrefix": "*",
                "access": "Allow",
                "priority": 125,
                "direction": "Inbound"
              }
            },
            {
              "name": "Port_22",
              "properties": {
                "description": "SSH access to VMs",
                "protocol": "Tcp",
                "sourcePortRange": "*",
                "destinationPortRange": "22",
                "sourceAddressPrefix": "*",
                "destinationAddressPrefix": "*",
                "access": "Allow",
                "priority": 200,
                "direction": "Inbound"
              }
            }
          ]
        }
      },
      {
        "type": "Microsoft.Network/publicIPAddresses",
        "apiVersion": "2022-07-01",
        "name": "[variables('publicIPAddressName')]",
        "location": "[parameters('location')]",    
        "properties": {
          "publicIPAllocationMethod": "[variables('publicIPAddressType')]"
        }
      },
      {
        "type": "Microsoft.Network/virtualNetworks",
        "condition": "[equals(parameters('virtualNetworkNewOrExisting'), 'new')]",
        "apiVersion": "2022-07-01",
        "name": "[parameters('virtualNetworkName')]",
        "location": "[parameters('location')]",
        "properties": {
          "addressSpace": {
            "addressPrefixes": [
              "[parameters('virtualNetworkAddressPrefix')]"
            ]
          },
          "subnets": [
            {
              "name": "[parameters('subnetName')]",
              "properties": {
                "addressPrefix": "[parameters('subnetPrefix')]"
              }
            }
          ]
        }
      },
      {
        "type": "Microsoft.Network/networkInterfaces",
        "apiVersion": "2022-07-01",
        "name": "[variables('nicName')]",
        "location": "[parameters('location')]",
        "dependsOn": [
          "[concat('Microsoft.Network/publicIPAddresses/', variables('publicIPAddressName'))]",
          "[resourceId('Microsoft.Network/virtualNetworks/', parameters('virtualNetworkName'))]"
        ],
        "properties": {
          "ipConfigurations": [
            {
              "name": "ipconfig1",
              "properties": {
                "privateIPAllocationMethod": "Dynamic",
                "publicIPAddress": {
                  "id": "[resourceId('Microsoft.Network/publicIPAddresses',variables('publicIPAddressName'))]"
                },
                "subnet": {
                  "id": "[variables('subnetId')]"
                }
              }
            }
          ],
          "enableIPForwarding": true
        }
      },
      {
        "type": "Microsoft.Storage/storageAccounts",
        "apiVersion": "2021-04-01",
        "name": "[variables('storageAccountName')]",
        "location": "[parameters('location')]",
        "sku": {
          "name": "Standard_LRS"
        },
        "kind": "Storage",
        "properties": {}
      },
      {
        "type": "Microsoft.Compute/virtualMachines",
        "apiVersion": "2022-03-01",
        "name": "[parameters('vmName')]",
        "location": "[parameters('location')]",
        "dependsOn": [
          "[resourceId('Microsoft.Storage/storageAccounts/', variables('storageAccountName'))]",
          "[resourceId('Microsoft.Network/networkInterfaces/', variables('nicName'))]"
        ],
        "plan": {
          "name": "[variables('imageSku')]",
          "product": "[variables('imageOffer')]",
          "publisher": "[variables('imagePublisher')]"
        },
        "properties": {
          "hardwareProfile": {
            "vmSize": "[parameters('vmSize')]"
          },
          "osProfile": {
            "computerName": "[parameters('vmName')]",
            "adminUsername": "[parameters('linuxUserName')]",
            "adminPassword": "[parameters('linuxPasswordOrKey')]",
            "linuxConfiguration": "[if(equals(parameters('authenticationType'), 'password'), json('null'), variables('linuxConfiguration'))]"
          },
          "storageProfile": {
            "imageReference": {
              "publisher": "[variables('imagePublisher')]",
              "offer": "[variables('imageOffer')]",
              "sku": "[variables('imageSku')]",
              "version": "[variables('imageVersion')]"
            },
            "osDisk": {
              "createOption": "FromImage"
            }
          },
          "networkProfile": {
            "networkInterfaces": [
              {
                "id": "[resourceId('Microsoft.Network/networkInterfaces',variables('nicName'))]"
              }
            ]
          }
        },
        "resources": [
          {
            "apiVersion": "2022-11-01",
            "type": "extensions",
            "name": "config-app",
            "location": "[parameters('location')]",
            "dependsOn": [
              "[parameters('vmName')]"
            ],
            "properties": {
              "publisher": "Microsoft.Azure.Extensions",
              "type": "CustomScript",
              "typeHandlerVersion": "2.0",
              "autoUpgradeMinorVersion": true,
              "settings": {
                "fileUris": [
                  "[uri(parameters('_artifactsLocation'), concat('scripts/configure.sh', parameters('_artifactsLocationSasToken')))]"
                ]
              },
              "protectedSettings": {
                "commandToExecute": "[concat('sudo bash configure.sh --splunk-user ', parameters('splunkUser'), ' --splunk-password ', parameters('splunkPassword'))]"
              }
            }
          }
        ]
      }
    ]
}